source_author_name,author_code,author_name,author_type,source
羁中马,LR_AUTHOR_000001,羁中马,original,lrts
佛前献花,LR_AUTHOR_000002,佛前献花,original,lrts
单田芳,LR_AUTHOR_000003,单田芳,original,lrts
佚名,LR_AUTHOR_000004,佚名,original,lrts
王小怪八驴,LR_AUTHOR_000005,王小怪八驴,original,lrts
云峰,LR_AUTHOR_000006,云峰,original,lrts
沉默的糕点,LR_AUTHOR_000007,沉默的糕点,original,lrts
辰东,LR_AUTHOR_000008,辰东,original,lrts
修果,LR_AUTHOR_000009,修果,original,lrts
叶公子,LR_AUTHOR_000010,叶公子,original,lrts
夏忆,LR_AUTHOR_000011,夏忆,original,lrts
米饭的米,LR_AUTHOR_000012,米饭的米,original,lrts
夜星下,LR_AUTHOR_000013,夜星下,original,lrts
困的睡不着,LR_AUTHOR_000014,困的睡不着,original,lrts
郁雨竹,LR_AUTHOR_000015,郁雨竹,original,lrts
好再半夜星光,LR_AUTHOR_000016,好再半夜星光,original,lrts
小酷听书,LR_AUTHOR_000017,小酷听书,original,lrts
缥缈月神,LR_AUTHOR_000018,缥缈月神,original,lrts
月童,LR_AUTHOR_000019,月童,original,lrts
张竟,LR_AUTHOR_000020,张竟,original,lrts
厄尘,LR_AUTHOR_000021,厄尘,original,lrts
张程,LR_AUTHOR_000022,张程,original,lrts
胖蛇,LR_AUTHOR_000023,胖蛇,original,lrts
孙一,LR_AUTHOR_000024,孙一,original,lrts
邵军荣,LR_AUTHOR_000025,邵军荣,original,lrts
拓仙人,LR_AUTHOR_000026,拓仙人,original,lrts
石家兴,LR_AUTHOR_000027,石家兴,original,lrts
陈洁,LR_AUTHOR_000028,陈洁,original,lrts
老舍,LR_AUTHOR_000029,老舍,original,lrts
蛊真人,LR_AUTHOR_000030,蛊真人,original,lrts
喵喵大人,LR_AUTHOR_000031,喵喵大人,original,lrts
南派三叔,LR_AUTHOR_000032,南派三叔,original,lrts
耳根,LR_AUTHOR_000033,耳根,original,lrts
在水中的纸老虎,LR_AUTHOR_000034,在水中的纸老虎,original,lrts
纯洁滴小龙,LR_AUTHOR_000035,纯洁滴小龙,original,lrts
焚天孔雀,LR_AUTHOR_000036,焚天孔雀,original,lrts
梁山老鬼,LR_AUTHOR_000037,梁山老鬼,original,lrts
咸青柠,LR_AUTHOR_000038,咸青柠,original,lrts
木有金箍,LR_AUTHOR_000039,木有金箍,original,lrts
金秋,LR_AUTHOR_000040,金秋,original,lrts
百李山中仙,LR_AUTHOR_000041,百李山中仙,original,lrts
静心,LR_AUTHOR_000042,静心,original,lrts
七星草,LR_AUTHOR_000043,七星草,original,lrts
六月浩雪,LR_AUTHOR_000044,六月浩雪,original,lrts
一剑飘,LR_AUTHOR_000045,一剑飘,original,lrts
宋浅声,LR_AUTHOR_000046,宋浅声,original,lrts
揩油笔,LR_AUTHOR_000047,揩油笔,original,lrts
宇然,LR_AUTHOR_000048,宇然,original,lrts
沉香灰烬,LR_AUTHOR_000049,沉香灰烬,original,lrts
暮雨神天,LR_AUTHOR_000050,暮雨神天,original,lrts
无柏,LR_AUTHOR_000051,无柏,original,lrts
凤炅,LR_AUTHOR_000052,凤炅,original,lrts
借我三两风,LR_AUTHOR_000053,借我三两风,original,lrts
任性的狮子,LR_AUTHOR_000054,任性的狮子,original,lrts
老白牛,LR_AUTHOR_000055,老白牛,original,lrts
会说话的肘子,LR_AUTHOR_000056,会说话的肘子,original,lrts
我是小神医,LR_AUTHOR_000057,我是小神医,original,lrts
三胎后妈,LR_AUTHOR_000058,三胎后妈,original,lrts
小小桑,LR_AUTHOR_000059,小小桑,original,lrts
无名佚,LR_AUTHOR_000060,无名佚,original,lrts
姬叉,LR_AUTHOR_000061,姬叉,original,lrts
锄归版,LR_AUTHOR_000062,锄归版,original,lrts
铁锁,LR_AUTHOR_000063,铁锁,original,lrts
我叫排云掌,LR_AUTHOR_000064,我叫排云掌,original,lrts
吃个小金桔,LR_AUTHOR_000065,吃个小金桔,original,lrts
零度,LR_AUTHOR_000066,零度,original,lrts
忘语,LR_AUTHOR_000067,忘语,original,lrts
十二疯,LR_AUTHOR_000068,十二疯,original,lrts
证道者,LR_AUTHOR_000069,证道者,original,lrts
可大可小,LR_AUTHOR_000070,可大可小,original,lrts
"老法斗,梦萦凡尘,蘑菇不服",LR_AUTHOR_000071,"老法斗,梦萦凡尘,蘑菇不服",original,lrts
故敌,LR_AUTHOR_000072,故敌,original,lrts
铁锅烤红薯,LR_AUTHOR_000073,铁锅烤红薯,original,lrts
秋言心,LR_AUTHOR_000074,秋言心,original,lrts
陆成丰,LR_AUTHOR_000075,陆成丰,original,lrts
靓仔,LR_AUTHOR_000076,靓仔,original,lrts
卡尔博学,LR_AUTHOR_000077,卡尔博学,original,lrts
凤轻,LR_AUTHOR_000078,凤轻,original,lrts
如水意,LR_AUTHOR_000079,如水意,original,lrts
莫默,LR_AUTHOR_000080,莫默,original,lrts
扬扬,LR_AUTHOR_000081,扬扬,original,lrts
犁天,LR_AUTHOR_000082,犁天,original,lrts
沧月傲天,LR_AUTHOR_000083,沧月傲天,original,lrts
夜北,LR_AUTHOR_000084,夜北,original,lrts
呆呆年,LR_AUTHOR_000085,呆呆年,original,lrts
九块九全场包邮,LR_AUTHOR_000086,九块九全场包邮,original,lrts
沉睡不醒来,LR_AUTHOR_000087,沉睡不醒来,original,lrts
鱼不语,LR_AUTHOR_000088,鱼不语,original,lrts
火荧儿,LR_AUTHOR_000089,火荧儿,original,lrts
虚梦冰灵,LR_AUTHOR_000090,虚梦冰灵,original,lrts
柒月狐妖,LR_AUTHOR_000091,柒月狐妖,original,lrts
郭秋阳,LR_AUTHOR_000092,郭秋阳,original,lrts
许清平,LR_AUTHOR_000093,许清平,original,lrts
郭秀玉,LR_AUTHOR_000094,郭秀玉,original,lrts
一顿六两饭,LR_AUTHOR_000095,一顿六两饭,original,lrts
绿依,LR_AUTHOR_000096,绿依,original,lrts
龚熙航,LR_AUTHOR_000097,龚熙航,original,lrts
涂秋萍,LR_AUTHOR_000098,涂秋萍,original,lrts
绯花墨叶,LR_AUTHOR_000099,绯花墨叶,original,lrts
大白说江湖,LR_AUTHOR_000100,大白说江湖,original,lrts
李强平,LR_AUTHOR_000101,李强平,original,lrts
老之鱼,LR_AUTHOR_000102,老之鱼,original,lrts
中世纪的兔子,LR_AUTHOR_000103,中世纪的兔子,original,lrts
昭灵驷玉,LR_AUTHOR_000104,昭灵驷玉,original,lrts
柿子爷,LR_AUTHOR_000105,柿子爷,original,lrts
今天吃苹果了嘛,LR_AUTHOR_000106,今天吃苹果了嘛,original,lrts
马三立,LR_AUTHOR_000107,马三立,original,lrts
王岩,LR_AUTHOR_000108,王岩,original,lrts
初田天,LR_AUTHOR_000109,初田天,original,lrts
赵本山,LR_AUTHOR_000110,赵本山,original,lrts
后盾科技,LR_AUTHOR_000111,后盾科技,original,lrts
鸿渝文化,LR_AUTHOR_000112,鸿渝文化,original,lrts
小狐仙,LR_AUTHOR_000113,小狐仙,original,lrts
蚊子,LR_AUTHOR_000114,蚊子,original,lrts
康萍|王仕进,LR_AUTHOR_000115,康萍|王仕进,original,lrts
猴子叔叔庞岩,LR_AUTHOR_000116,猴子叔叔庞岩,original,lrts
宋琬如,LR_AUTHOR_000117,宋琬如,original,lrts
幼稚的空想家,LR_AUTHOR_000118,幼稚的空想家,original,lrts
有声房,LR_AUTHOR_000119,有声房,original,lrts
眉青木,LR_AUTHOR_000120,眉青木,original,lrts
冰子 李爱眉,LR_AUTHOR_000121,冰子 李爱眉,original,lrts
胖荔枝,LR_AUTHOR_000122,胖荔枝,original,lrts
爱德少儿,LR_AUTHOR_000123,爱德少儿,original,lrts
卖报小郎君,LR_AUTHOR_000124,卖报小郎君,original,lrts
逆苍天,LR_AUTHOR_000125,逆苍天,original,lrts
唐家三少,LR_AUTHOR_000126,唐家三少,original,lrts
鱼人二代,LR_AUTHOR_000127,鱼人二代,original,lrts
蚕茧里的牛,LR_AUTHOR_000128,蚕茧里的牛,original,lrts
跃千愁,LR_AUTHOR_000129,跃千愁,original,lrts
打眼,LR_AUTHOR_000130,打眼,original,lrts
天蚕土豆,LR_AUTHOR_000131,天蚕土豆,original,lrts
伪戒,LR_AUTHOR_000132,伪戒,original,lrts
十月流年,LR_AUTHOR_000133,十月流年,original,lrts
寒武记,LR_AUTHOR_000134,寒武记,original,lrts
擎苍,LR_AUTHOR_000135,擎苍,original,lrts
木嬴,LR_AUTHOR_000136,木嬴,original,lrts
点进来就发财,LR_AUTHOR_000137,点进来就发财,original,lrts
茶暖,LR_AUTHOR_000138,茶暖,original,lrts
豆浆油条热干面,LR_AUTHOR_000139,豆浆油条热干面,original,lrts
郭德纲,LR_AUTHOR_000140,郭德纲,original,lrts
苏小妹,LR_AUTHOR_000141,苏小妹,original,lrts
宋香祺,LR_AUTHOR_000142,宋香祺,original,lrts
猩红之月,LR_AUTHOR_000143,猩红之月,original,lrts
木赢,LR_AUTHOR_000144,木赢,original,lrts
雪中回眸,LR_AUTHOR_000145,雪中回眸,original,lrts
周德东,LR_AUTHOR_000146,周德东,original,lrts
朵朵殿,LR_AUTHOR_000147,朵朵殿,original,lrts
城东九爷,LR_AUTHOR_000148,城东九爷,original,lrts
年华,LR_AUTHOR_000149,年华,original,lrts
云霓,LR_AUTHOR_000150,云霓,original,lrts
一片雪饼,LR_AUTHOR_000151,一片雪饼,original,lrts
也无风雨也无晴,LR_AUTHOR_000152,也无风雨也无晴,original,lrts
茗夜,LR_AUTHOR_000153,茗夜,original,lrts
风光霁月,LR_AUTHOR_000154,风光霁月,original,lrts
晴善,LR_AUTHOR_000155,晴善,original,lrts
幸存者,LR_AUTHOR_000156,幸存者,original,lrts
谷涩,LR_AUTHOR_000157,谷涩,original,lrts
阿蒂仙,LR_AUTHOR_000158,阿蒂仙,original,lrts
沐丸子,LR_AUTHOR_000159,沐丸子,original,lrts
周希,LR_AUTHOR_000160,周希,original,lrts
熏香如风,LR_AUTHOR_000161,熏香如风,original,lrts
空余闲,LR_AUTHOR_000162,空余闲,original,lrts
0,LR_AUTHOR_000163,0,original,lrts
越洲,LR_AUTHOR_000164,越洲,original,lrts
吴承恩,LR_AUTHOR_000165,吴承恩,original,lrts
连丽如,LR_AUTHOR_000166,连丽如,original,lrts
王传林,LR_AUTHOR_000167,王传林,original,lrts
孙刚,LR_AUTHOR_000168,孙刚,original,lrts
张恨水,LR_AUTHOR_000169,张恨水,original,lrts
郭小亭,LR_AUTHOR_000170,郭小亭,original,lrts
王度庐,LR_AUTHOR_000171,王度庐,original,lrts
北京企鹅童话科技有限公司,LR_AUTHOR_000172,北京企鹅童话科技有限公司,original,lrts
深圳芒果科技有限公司,LR_AUTHOR_000173,深圳芒果科技有限公司,original,lrts
杨鹏,LR_AUTHOR_000174,杨鹏,original,lrts
李梦瑶,LR_AUTHOR_000175,李梦瑶,original,lrts
儿歌多多,LR_AUTHOR_000176,儿歌多多,original,lrts
国开童媒,LR_AUTHOR_000177,国开童媒,original,lrts
天泠,LR_AUTHOR_000178,天泠,original,lrts
大头梨一颗,LR_AUTHOR_000179,大头梨一颗,original,lrts
武文弄沫,LR_AUTHOR_000180,武文弄沫,original,lrts
无尽夏,LR_AUTHOR_000181,无尽夏,original,lrts
百晓生,LR_AUTHOR_000182,百晓生,original,lrts
江湖再见,LR_AUTHOR_000183,江湖再见,original,lrts
妮娜芙,LR_AUTHOR_000184,妮娜芙,original,lrts
迪巴拉爵士,LR_AUTHOR_000185,迪巴拉爵士,original,lrts
玉庭君,LR_AUTHOR_000186,玉庭君,original,lrts
苍天霸主,LR_AUTHOR_000187,苍天霸主,original,lrts
柳下挥,LR_AUTHOR_000188,柳下挥,original,lrts
凤山鹤鸣,LR_AUTHOR_000189,凤山鹤鸣,original,lrts
夜幕初垂,LR_AUTHOR_000190,夜幕初垂,original,lrts
夜林晚,LR_AUTHOR_000191,夜林晚,original,lrts
青子,LR_AUTHOR_000192,青子,original,lrts
三月雨,LR_AUTHOR_000193,三月雨,original,lrts
莞然一笑,LR_AUTHOR_000194,莞然一笑,original,lrts
筱梦听雨,LR_AUTHOR_000195,筱梦听雨,original,lrts
左棠,LR_AUTHOR_000196,左棠,original,lrts
舞陌浅浅,LR_AUTHOR_000197,舞陌浅浅,original,lrts
王小桃,LR_AUTHOR_000198,王小桃,original,lrts
云雀儿,LR_AUTHOR_000199,云雀儿,original,lrts
阿离,LR_AUTHOR_000200,阿离,original,lrts
林娜琏的门牙,LR_AUTHOR_000201,林娜琏的门牙,original,lrts
胡斌,LR_AUTHOR_000202,胡斌,original,lrts
萧鼎,LR_AUTHOR_000203,萧鼎,original,lrts
法学院新生,LR_AUTHOR_000204,法学院新生,original,lrts
oceans,LR_AUTHOR_000205,oceans,original,lrts
千山茶客,LR_AUTHOR_000206,千山茶客,original,lrts
竭宝峰,LR_AUTHOR_000207,竭宝峰,original,lrts
熊三,LR_AUTHOR_000208,熊三,original,lrts
天野,LR_AUTHOR_000209,天野,original,lrts
卫四月,LR_AUTHOR_000210,卫四月,original,lrts
崔走召,LR_AUTHOR_000211,崔走召,original,lrts
竹叶糕,LR_AUTHOR_000212,竹叶糕,original,lrts
凯旋月,LR_AUTHOR_000213,凯旋月,original,lrts
奇喵君故事,LR_AUTHOR_000214,奇喵君故事,original,lrts
盗门九当家,LR_AUTHOR_000215,盗门九当家,original,lrts
卜劳恩,LR_AUTHOR_000216,卜劳恩,original,lrts
北猫,LR_AUTHOR_000217,北猫,original,lrts
芽芽故事团队,LR_AUTHOR_000218,芽芽故事团队,original,lrts
画笔敲敲,LR_AUTHOR_000219,画笔敲敲,original,lrts
我会修空调,LR_AUTHOR_000220,我会修空调,original,lrts
倾本贤淑,LR_AUTHOR_000221,倾本贤淑,original,lrts
大有叔叔,LR_AUTHOR_000222,大有叔叔,original,lrts
盗九门当家,LR_AUTHOR_000223,盗九门当家,original,lrts
天下飘火,LR_AUTHOR_000224,天下飘火,original,lrts
墨裳影华,LR_AUTHOR_000225,墨裳影华,original,lrts
烽火戏诸侯,LR_AUTHOR_000226,烽火戏诸侯,original,lrts
骑马钓鱼,LR_AUTHOR_000227,骑马钓鱼,original,lrts
布谷聊,LR_AUTHOR_000228,布谷聊,original,lrts
爱潜水的乌贼,LR_AUTHOR_000229,爱潜水的乌贼,original,lrts
晨星LL,LR_AUTHOR_000230,晨星LL,original,lrts
张辉力,LR_AUTHOR_000231,张辉力,original,lrts
元瞳,LR_AUTHOR_000232,元瞳,original,lrts
天下霸唱,LR_AUTHOR_000233,天下霸唱,original,lrts
罗贯中,LR_AUTHOR_000234,罗贯中,original,lrts
"单田芳,徐盛宇",LR_AUTHOR_000235,"单田芳,徐盛宇",original,lrts
秦天,LR_AUTHOR_000236,秦天,original,lrts
最爱MISIC伯爵,LR_AUTHOR_000237,最爱MISIC伯爵,original,lrts
"安徒生,格林兄弟,芽芽故事团队",LR_AUTHOR_000238,"安徒生,格林兄弟,芽芽故事团队",original,lrts
素锦商,LR_AUTHOR_000239,素锦商,original,lrts
雪娇儿,LR_AUTHOR_000240,雪娇儿,original,lrts
叶无忧,LR_AUTHOR_000241,叶无忧,original,lrts
人生谁伴,LR_AUTHOR_000242,人生谁伴,original,lrts
陌上迟归,LR_AUTHOR_000243,陌上迟归,original,lrts
牛凳,LR_AUTHOR_000244,牛凳,original,lrts
八骏穆天子,LR_AUTHOR_000245,八骏穆天子,original,lrts
小小青蛇,LR_AUTHOR_000246,小小青蛇,original,lrts
刹时红瘦,LR_AUTHOR_000247,刹时红瘦,original,lrts
步行天下,LR_AUTHOR_000248,步行天下,original,lrts
坐酌泠泠水,LR_AUTHOR_000249,坐酌泠泠水,original,lrts
小城山人,LR_AUTHOR_000250,小城山人,original,lrts
九当家,LR_AUTHOR_000251,九当家,original,lrts
笔龙胆,LR_AUTHOR_000252,笔龙胆,original,lrts
岁月永恒,LR_AUTHOR_000253,岁月永恒,original,lrts
北境,LR_AUTHOR_000254,北境,original,lrts
苏生奈何,LR_AUTHOR_000255,苏生奈何,original,lrts
墨大先生,LR_AUTHOR_000256,墨大先生,original,lrts
金生水起,LR_AUTHOR_000257,金生水起,original,lrts
雪满弓刀,LR_AUTHOR_000258,雪满弓刀,original,lrts
打死都要钱,LR_AUTHOR_000259,打死都要钱,original,lrts
牧童听竹,LR_AUTHOR_000260,牧童听竹,original,lrts
大江大河,LR_AUTHOR_000261,大江大河,original,lrts
庄小贤,LR_AUTHOR_000262,庄小贤,original,lrts
关关公子,LR_AUTHOR_000263,关关公子,original,lrts
老鹰吃小鸡,LR_AUTHOR_000264,老鹰吃小鸡,original,lrts
九灯和善,LR_AUTHOR_000265,九灯和善,original,lrts
三戒大师,LR_AUTHOR_000266,三戒大师,original,lrts
暗夜行走,LR_AUTHOR_000267,暗夜行走,original,lrts
清风莫晚,LR_AUTHOR_000268,清风莫晚,original,lrts
寂寞剑客,LR_AUTHOR_000269,寂寞剑客,original,lrts
坟土荒草,LR_AUTHOR_000270,坟土荒草,original,lrts
金北,LR_AUTHOR_000271,金北,original,lrts
冬天的柳叶,LR_AUTHOR_000272,冬天的柳叶,original,lrts
风凌天下,LR_AUTHOR_000273,风凌天下,original,lrts
施耐庵,LR_AUTHOR_000274,施耐庵,original,lrts
我吃西红柿,LR_AUTHOR_000275,我吃西红柿,original,lrts
六道,LR_AUTHOR_000276,六道,original,lrts
月关,LR_AUTHOR_000277,月关,original,lrts
潭子,LR_AUTHOR_000278,潭子,original,lrts
寻找失落的爱情,LR_AUTHOR_000279,寻找失落的爱情,original,lrts
偏方方,LR_AUTHOR_000280,偏方方,original,lrts
苹果小姐,LR_AUTHOR_000281,苹果小姐,original,lrts
吴半仙,LR_AUTHOR_000282,吴半仙,original,lrts
丑牛1985,LR_AUTHOR_000283,丑牛1985,original,lrts
那一只蚊子,LR_AUTHOR_000284,那一只蚊子,original,lrts
太上布衣,LR_AUTHOR_000285,太上布衣,original,lrts
小飞鹅,LR_AUTHOR_000286,小飞鹅,original,lrts
新丰,LR_AUTHOR_000287,新丰,original,lrts
鹅是老五,LR_AUTHOR_000288,鹅是老五,original,lrts
小九徒,LR_AUTHOR_000289,小九徒,original,lrts
忘记离愁,LR_AUTHOR_000290,忘记离愁,original,lrts
無心方丈,LR_AUTHOR_000291,無心方丈,original,lrts
於雯,LR_AUTHOR_000292,於雯,original,lrts
张小花,LR_AUTHOR_000293,张小花,original,lrts
陆月十九,LR_AUTHOR_000294,陆月十九,original,lrts
城城与蝉,LR_AUTHOR_000295,城城与蝉,original,lrts
宅猪,LR_AUTHOR_000296,宅猪,original,lrts
发飙的蜗牛,LR_AUTHOR_000297,发飙的蜗牛,original,lrts
苏小暖,LR_AUTHOR_000298,苏小暖,original,lrts
尤前,LR_AUTHOR_000299,尤前,original,lrts
拈花拂柳,LR_AUTHOR_000300,拈花拂柳,original,lrts
枯玄,LR_AUTHOR_000301,枯玄,original,lrts
意千重,LR_AUTHOR_000302,意千重,original,lrts
解语,LR_AUTHOR_000303,解语,original,lrts
徐则臣,LR_AUTHOR_000304,徐则臣,original,lrts
李康城|张强,LR_AUTHOR_000305,李康城|张强,original,lrts
吴晓波,LR_AUTHOR_000306,吴晓波,original,lrts
带玉,LR_AUTHOR_000307,带玉,original,lrts
剑神无敌,LR_AUTHOR_000308,剑神无敌,original,lrts
错哪儿了,LR_AUTHOR_000309,错哪儿了,original,lrts
火星引力,LR_AUTHOR_000310,火星引力,original,lrts
古曦,LR_AUTHOR_000311,古曦,original,lrts
最白的乌鸦,LR_AUTHOR_000312,最白的乌鸦,original,lrts
烽仙,LR_AUTHOR_000313,烽仙,original,lrts
月下吃柠檬,LR_AUTHOR_000314,月下吃柠檬,original,lrts
半道清风,LR_AUTHOR_000315,半道清风,original,lrts
王梓钧,LR_AUTHOR_000316,王梓钧,original,lrts
途的猪,LR_AUTHOR_000317,途的猪,original,lrts
狐尾的笔,LR_AUTHOR_000318,狐尾的笔,original,lrts
菲硕莫薯,LR_AUTHOR_000319,菲硕莫薯,original,lrts
寂寞的清泉,LR_AUTHOR_000320,寂寞的清泉,original,lrts
一朵青莲,LR_AUTHOR_000321,一朵青莲,original,lrts
禾宴山,LR_AUTHOR_000322,禾宴山,original,lrts
单瑞林,LR_AUTHOR_000323,单瑞林,original,lrts
西子情,LR_AUTHOR_000324,西子情,original,lrts
搞个锤子,LR_AUTHOR_000325,搞个锤子,original,lrts
龙潭散人,LR_AUTHOR_000326,龙潭散人,original,lrts
希行,LR_AUTHOR_000327,希行,original,lrts
火茵,LR_AUTHOR_000328,火茵,original,lrts
七名,LR_AUTHOR_000329,七名,original,lrts
曾国藩,LR_AUTHOR_000330,曾国藩,original,lrts
康震,LR_AUTHOR_000331,康震,original,lrts
雲巅，冷冷萝莉,LR_AUTHOR_000332,雲巅，冷冷萝莉,original,lrts
澈郤,LR_AUTHOR_000333,澈郤,original,lrts
祁嘉小宝贝,LR_AUTHOR_000334,祁嘉小宝贝,original,lrts
喵大仙儿,LR_AUTHOR_000335,喵大仙儿,original,lrts
蛋挞挞,LR_AUTHOR_000336,蛋挞挞,original,lrts
三毛,LR_AUTHOR_000337,三毛,original,lrts
猫小猫,LR_AUTHOR_000338,猫小猫,original,lrts
宝宝剧场,LR_AUTHOR_000339,宝宝剧场,original,lrts
杨洋,LR_AUTHOR_000340,杨洋,original,lrts
朱云乔,LR_AUTHOR_000341,朱云乔,original,lrts
天衣有风,LR_AUTHOR_000342,天衣有风,original,lrts
叶非夜,LR_AUTHOR_000343,叶非夜,original,lrts
明月西,LR_AUTHOR_000344,明月西,original,lrts
安知晓,LR_AUTHOR_000345,安知晓,original,lrts
童童,LR_AUTHOR_000346,童童,original,lrts
记工,LR_AUTHOR_000347,记工,original,lrts
猫腻,LR_AUTHOR_000348,猫腻,original,lrts
袖唐,LR_AUTHOR_000349,袖唐,original,lrts
天下归元,LR_AUTHOR_000350,天下归元,original,lrts
愤怒的香蕉,LR_AUTHOR_000351,愤怒的香蕉,original,lrts
国王陛下,LR_AUTHOR_000352,国王陛下,original,lrts
吱吱,LR_AUTHOR_000353,吱吱,original,lrts
紫伊281,LR_AUTHOR_000354,紫伊281,original,lrts
花瓣雨,LR_AUTHOR_000355,花瓣雨,original,lrts
孑与2,LR_AUTHOR_000356,孑与2,original,lrts
莫言殇,LR_AUTHOR_000357,莫言殇,original,lrts
芸初,LR_AUTHOR_000358,芸初,original,lrts
梵缺,LR_AUTHOR_000359,梵缺,original,lrts
情感带师,LR_AUTHOR_000360,情感带师,original,lrts
寂月皎皎,LR_AUTHOR_000361,寂月皎皎,original,lrts
芥沫,LR_AUTHOR_000362,芥沫,original,lrts
流潋紫,LR_AUTHOR_000363,流潋紫,original,lrts
步非烟,LR_AUTHOR_000364,步非烟,original,lrts
"[日]稻盛和夫著；曹寓刚,曹岫云译",LR_AUTHOR_000365,"[日]稻盛和夫著；曹寓刚,曹岫云译",original,lrts
会摔跤的熊猫,LR_AUTHOR_000366,会摔跤的熊猫,original,lrts
苏阁,LR_AUTHOR_000367,苏阁,original,lrts
我本疯狂,LR_AUTHOR_000368,我本疯狂,original,lrts
鹦鹉晒月,LR_AUTHOR_000369,鹦鹉晒月,original,lrts
祁雅娜,LR_AUTHOR_000370,祁雅娜,original,lrts
梦里樱花落,LR_AUTHOR_000371,梦里樱花落,original,lrts
千流万溪,LR_AUTHOR_000372,千流万溪,original,lrts
一块小肥肉,LR_AUTHOR_000373,一块小肥肉,original,lrts
易中天,LR_AUTHOR_000374,易中天,original,lrts
凡尔纳,LR_AUTHOR_000375,凡尔纳,original,lrts
个人发展学会,LR_AUTHOR_000376,个人发展学会,original,lrts
北京艺言艺语教育科技有限公司,LR_AUTHOR_000377,北京艺言艺语教育科技有限公司,original,lrts
高月,LR_AUTHOR_000378,高月,original,lrts
耿小辉|卜劳恩,LR_AUTHOR_000379,耿小辉|卜劳恩,original,lrts
蓝千帆,LR_AUTHOR_000380,蓝千帆,original,lrts
黄兴,LR_AUTHOR_000381,黄兴,original,lrts
黄兴（主编）,LR_AUTHOR_000382,黄兴（主编）,original,lrts
肯尼斯·格雷厄姆[英],LR_AUTHOR_000383,肯尼斯·格雷厄姆[英],original,lrts
原创音影传媒,LR_AUTHOR_000384,原创音影传媒,original,lrts
王小天,LR_AUTHOR_000385,王小天,original,lrts
沈嘉柯,LR_AUTHOR_000386,沈嘉柯,original,lrts
蓑依,LR_AUTHOR_000387,蓑依,original,lrts
贾月珍,LR_AUTHOR_000388,贾月珍,original,lrts
李叔同,LR_AUTHOR_000389,李叔同,original,lrts
林徽因,LR_AUTHOR_000390,林徽因,original,lrts
许地山,LR_AUTHOR_000391,许地山,original,lrts
瞿秋白,LR_AUTHOR_000392,瞿秋白,original,lrts
萧红,LR_AUTHOR_000393,萧红,original,lrts
邹韬奋,LR_AUTHOR_000394,邹韬奋,original,lrts
心水淼,LR_AUTHOR_000395,心水淼,original,lrts
厌笔萧生,LR_AUTHOR_000396,厌笔萧生,original,lrts
顾浅意,LR_AUTHOR_000397,顾浅意,original,lrts
发呆到天亮,LR_AUTHOR_000398,发呆到天亮,original,lrts
蝴蝶蓝,LR_AUTHOR_000399,蝴蝶蓝,original,lrts
云中月,LR_AUTHOR_000400,云中月,original,lrts
简十一,LR_AUTHOR_000401,简十一,original,lrts
红薯,LR_AUTHOR_000402,红薯,original,lrts
浪漫烟灰,LR_AUTHOR_000403,浪漫烟灰,original,lrts
梁少,LR_AUTHOR_000404,梁少,original,lrts
我是多余人,LR_AUTHOR_000405,我是多余人,original,lrts
蓉筝,LR_AUTHOR_000406,蓉筝,original,lrts
一庭芳菲,LR_AUTHOR_000407,一庭芳菲,original,lrts
姜小牙,LR_AUTHOR_000408,姜小牙,original,lrts
安懒,LR_AUTHOR_000409,安懒,original,lrts
隔壁老宋,LR_AUTHOR_000410,隔壁老宋,original,lrts
无量小光,LR_AUTHOR_000411,无量小光,original,lrts
笙箫剑客,LR_AUTHOR_000412,笙箫剑客,original,lrts
茶水一壶,LR_AUTHOR_000413,茶水一壶,original,lrts
飞翔de懒猫,LR_AUTHOR_000414,飞翔de懒猫,original,lrts
咸鱼君,LR_AUTHOR_000415,咸鱼君,original,lrts
文字控,LR_AUTHOR_000416,文字控,original,lrts
"小新甘儿,石榴",LR_AUTHOR_000417,"小新甘儿,石榴",original,lrts
金夭夭,LR_AUTHOR_000418,金夭夭,original,lrts
砖家,LR_AUTHOR_000419,砖家,original,lrts
在路上,LR_AUTHOR_000420,在路上,original,lrts
后情,LR_AUTHOR_000421,后情,original,lrts
将离,LR_AUTHOR_000422,将离,original,lrts
桑非白,LR_AUTHOR_000423,桑非白,original,lrts
风宇雪,LR_AUTHOR_000424,风宇雪,original,lrts
宝可梦,LR_AUTHOR_000425,宝可梦,original,lrts
石木,LR_AUTHOR_000426,石木,original,lrts
青烟一夜,LR_AUTHOR_000427,青烟一夜,original,lrts
万鲤鱼,LR_AUTHOR_000428,万鲤鱼,original,lrts
左手,LR_AUTHOR_000429,左手,original,lrts
一笑倾城,LR_AUTHOR_000430,一笑倾城,original,lrts
风华绝代,LR_AUTHOR_000431,风华绝代,original,lrts
醉流酥,LR_AUTHOR_000432,醉流酥,original,lrts
风化羽,LR_AUTHOR_000433,风化羽,original,lrts
蔡晋,LR_AUTHOR_000434,蔡晋,original,lrts
平凡心,LR_AUTHOR_000435,平凡心,original,lrts
命给你行不行,LR_AUTHOR_000436,命给你行不行,original,lrts
沙曼夭,LR_AUTHOR_000437,沙曼夭,original,lrts
微澜子墨,LR_AUTHOR_000438,微澜子墨,original,lrts
会魔法的小猪,LR_AUTHOR_000439,会魔法的小猪,original,lrts
饭团桃子控,LR_AUTHOR_000440,饭团桃子控,original,lrts
